Name,URL,Created_at,Star,Last commit
Seanny123/da-rnn,https://github.com/Seanny123/da-rnn,2018-09-27T19:38:58Z,303,2021-03-18T19:49:06Z
nikitakit/self-attentive-parser,https://github.com/nikitakit/self-attentive-parser,2018-04-27T07:49:32Z,754,2022-01-10T15:48:34Z
mks0601/PoseFix_RELEASE,https://github.com/mks0601/PoseFix_RELEASE,2019-03-10T12:28:04Z,324,2022-07-01T03:19:39Z
kamenbliznashki/normalizing_flows,https://github.com/kamenbliznashki/normalizing_flows,2018-12-30T08:50:07Z,535,2021-07-12T12:40:38Z
Drakkar-Software/OctoBot,https://github.com/Drakkar-Software/OctoBot,2018-02-23T23:13:05Z,1890,2023-01-04T16:34:05Z
lonePatient/Bert-Multi-Label-Text-Classification,https://github.com/lonePatient/Bert-Multi-Label-Text-Classification,2019-02-10T15:19:42Z,736,2022-12-08T06:35:57Z
devAmoghS/Machine-Learning-with-Python,https://github.com/devAmoghS/Machine-Learning-with-Python,2018-03-02T14:54:11Z,1130,2022-12-27T15:34:36Z
snuspl/parallax,https://github.com/snuspl/parallax,2018-07-25T10:01:57Z,129,2022-02-21T08:12:50Z
spcl/ncc,https://github.com/spcl/ncc,2018-06-21T08:20:41Z,173,2022-09-23T22:22:11Z
aws-samples/deep-learning-models,https://github.com/aws-samples/deep-learning-models,2018-07-19T19:07:10Z,132,2023-01-05T20:31:23Z
nubank/fklearn,https://github.com/nubank/fklearn,2019-02-27T14:32:57Z,1418,2022-12-23T14:04:17Z
hendrycks/robustness,https://github.com/hendrycks/robustness,2018-04-06T03:50:57Z,778,2022-08-24T14:27:43Z
textpipe/textpipe,https://github.com/textpipe/textpipe,2018-06-21T16:23:32Z,298,2021-06-09T11:55:53Z
Farama-Foundation/Miniworld,https://github.com/Farama-Foundation/Miniworld,2018-08-28T03:12:59Z,547,2023-01-02T16:20:23Z
IBM/MAX-Object-Detector,https://github.com/IBM/MAX-Object-Detector,2018-03-09T23:29:27Z,286,2022-11-22T08:48:58Z
orendv/learning_to_sample,https://github.com/orendv/learning_to_sample,2018-12-04T16:35:43Z,154,2022-11-29T17:12:07Z
huggingface/transfer-learning-conv-ai,https://github.com/huggingface/transfer-learning-conv-ai,2019-05-07T12:51:08Z,1517,2022-11-01T04:12:24Z
nabeel-oz/qlik-py-tools,https://github.com/nabeel-oz/qlik-py-tools,2018-03-13T00:34:50Z,166,2021-02-10T02:04:32Z
bjascob/LemmInflect,https://github.com/bjascob/LemmInflect,2019-05-11T20:33:58Z,189,2022-10-02T20:53:15Z
varunagrawal/tiny-faces-pytorch,https://github.com/varunagrawal/tiny-faces-pytorch,2018-08-02T22:18:56Z,144,2022-11-22T04:29:25Z
IBM/MAX-Audio-Classifier,https://github.com/IBM/MAX-Audio-Classifier,2018-07-11T16:23:22Z,124,2022-11-21T22:00:00Z
bbli/ml_board,https://github.com/bbli/ml_board,2018-07-29T02:25:42Z,127,2022-12-27T15:34:26Z
uvipen/QuickDraw,https://github.com/uvipen/QuickDraw,2019-01-31T18:28:10Z,850,2021-04-20T21:18:01Z
hughplay/DFNet,https://github.com/hughplay/DFNet,2019-04-11T09:34:20Z,207,2022-10-26T03:47:19Z
nekitmm/starnet,https://github.com/nekitmm/starnet,2018-03-25T07:10:40Z,218,2022-09-12T22:34:37Z
DFKI-NLP/TRE,https://github.com/DFKI-NLP/TRE,2019-04-08T08:38:16Z,108,2021-10-01T09:27:30Z
nrontsis/PILCO,https://github.com/nrontsis/PILCO,2018-06-13T14:51:31Z,287,2021-02-15T10:07:22Z
benedekrozemberczki/AttentionWalk,https://github.com/benedekrozemberczki/AttentionWalk,2019-01-11T15:09:12Z,303,2022-11-06T21:09:53Z
clovaai/deep-text-recognition-benchmark,https://github.com/clovaai/deep-text-recognition-benchmark,2019-04-03T07:24:05Z,3155,2022-05-11T01:17:44Z
Neuraxio/Neuraxle,https://github.com/Neuraxio/Neuraxle,2019-03-26T21:01:54Z,554,2022-08-16T18:12:08Z
asreview/asreview,https://github.com/asreview/asreview,2019-01-09T14:09:32Z,391,2022-12-29T08:07:19Z
knazeri/edge-connect,https://github.com/knazeri/edge-connect,2018-12-16T02:14:19Z,2322,2022-09-05T00:20:17Z
nanoporetech/taiyaki,https://github.com/nanoporetech/taiyaki,2019-03-12T16:23:55Z,108,2022-01-13T09:33:23Z
uvipen/Super-mario-bros-A3C-pytorch,https://github.com/uvipen/Super-mario-bros-A3C-pytorch,2019-05-29T16:50:54Z,871,2021-01-25T19:01:38Z
cleardusk/3DDFA,https://github.com/cleardusk/3DDFA,2018-06-29T14:19:21Z,3365,2022-05-14T12:12:21Z
AlexMa011/pytorch-polygon-rnn,https://github.com/AlexMa011/pytorch-polygon-rnn,2018-05-03T08:02:02Z,107,2022-11-22T02:30:07Z
shahrukhqasim/TIES-2.0,https://github.com/shahrukhqasim/TIES-2.0,2019-02-23T09:11:17Z,263,2022-11-22T04:31:19Z
comtravo/ctparse,https://github.com/comtravo/ctparse,2018-03-22T10:24:50Z,113,2022-11-28T09:08:57Z
pymc-learn/pymc-learn,https://github.com/pymc-learn/pymc-learn,2018-10-19T21:15:03Z,196,2021-01-24T03:00:07Z
fnl/syntok,https://github.com/fnl/syntok,2018-11-14T22:28:08Z,173,2022-03-12T18:21:42Z
akanimax/BMSG-GAN,https://github.com/akanimax/BMSG-GAN,2018-12-26T05:41:09Z,602,2022-06-17T04:48:52Z
iArunava/YOLOv3-Object-Detection-with-OpenCV,https://github.com/iArunava/YOLOv3-Object-Detection-with-OpenCV,2018-11-18T15:35:23Z,268,2021-06-24T17:14:48Z
PaddlePaddle/ERNIE,https://github.com/PaddlePaddle/ERNIE,2019-03-03T07:31:29Z,5368,2022-12-08T03:16:41Z
hendrycks/outlier-exposure,https://github.com/hendrycks/outlier-exposure,2018-05-22T22:22:24Z,465,2021-10-09T01:31:17Z
dsindex/etagger,https://github.com/dsindex/etagger,2018-07-02T04:10:56Z,105,2021-08-22T10:45:27Z
tobybreckon/fire-detection-cnn,https://github.com/tobybreckon/fire-detection-cnn,2018-08-07T11:53:05Z,464,2021-07-22T09:03:23Z
msamogh/nonechucks,https://github.com/msamogh/nonechucks,2018-10-05T08:48:46Z,362,2022-09-22T23:03:31Z
BloodAxe/pytorch-toolbelt,https://github.com/BloodAxe/pytorch-toolbelt,2019-03-15T16:02:49Z,1339,2023-01-02T12:40:05Z
oseiskar/autosubsync,https://github.com/oseiskar/autosubsync,2018-09-30T09:41:16Z,268,2021-03-06T09:37:35Z
SimGus/Chatette,https://github.com/SimGus/Chatette,2018-08-16T12:26:25Z,281,2021-08-12T09:52:33Z
budzianowski/multiwoz,https://github.com/budzianowski/multiwoz,2018-10-01T19:50:35Z,685,2022-12-28T00:52:48Z
Droidtown/ArticutAPI,https://github.com/Droidtown/ArticutAPI,2019-04-26T02:38:33Z,377,2022-10-31T02:46:57Z
wentaoyuan/pcn,https://github.com/wentaoyuan/pcn,2018-08-01T01:42:13Z,337,2021-04-20T10:55:56Z
ultralytics/yolov3,https://github.com/ultralytics/yolov3,2018-08-26T08:57:20Z,9247,2023-01-02T20:48:03Z
gsurma/cartpole,https://github.com/gsurma/cartpole,2018-08-18T00:25:15Z,131,2022-10-21T07:50:12Z
brent-stone/CAN_Reverse_Engineering,https://github.com/brent-stone/CAN_Reverse_Engineering,2019-03-08T19:10:03Z,330,2022-02-01T21:43:09Z
thushv89/attention_keras,https://github.com/thushv89/attention_keras,2019-03-16T23:07:20Z,422,2022-11-22T05:13:10Z
MrEliptik/HandPose,https://github.com/MrEliptik/HandPose,2018-12-27T12:41:15Z,218,2022-11-21T21:23:59Z
amosbastian/understat,https://github.com/amosbastian/understat,2019-03-06T15:49:04Z,132,2023-01-04T17:13:35Z
wvangansbeke/Sparse-Depth-Completion,https://github.com/wvangansbeke/Sparse-Depth-Completion,2019-01-27T17:47:45Z,409,2022-05-01T07:07:07Z
pyro-ppl/funsor,https://github.com/pyro-ppl/funsor,2019-01-30T23:13:39Z,209,2022-12-28T19:16:12Z
philipperemy/keras-tcn,https://github.com/philipperemy/keras-tcn,2018-03-22T02:40:06Z,1589,2022-09-26T01:56:47Z
nimeshabuddhika/Tensorflow-Chatbot,https://github.com/nimeshabuddhika/Tensorflow-Chatbot,2018-01-05T20:09:08Z,102,2022-12-09T18:36:03Z
jsbroks/imantics,https://github.com/jsbroks/imantics,2019-01-13T00:53:22Z,298,2022-02-27T05:04:09Z
jiwoon-ahn/psa,https://github.com/jiwoon-ahn/psa,2018-05-18T05:49:51Z,338,2021-03-06T14:40:08Z
mila-iqia/babyai,https://github.com/mila-iqia/babyai,2018-10-02T17:58:24Z,564,2022-11-10T14:19:24Z
BradleyGrantham/pl-predictions-using-fifa,https://github.com/BradleyGrantham/pl-predictions-using-fifa,2018-06-16T14:03:33Z,126,2022-11-21T21:36:45Z
scikit-learn-contrib/stability-selection,https://github.com/scikit-learn-contrib/stability-selection,2018-02-17T13:06:56Z,186,2021-09-02T07:55:09Z
aditya-vora/FCHD-Fully-Convolutional-Head-Detector,https://github.com/aditya-vora/FCHD-Fully-Convolutional-Head-Detector,2018-09-23T05:39:57Z,618,2022-12-15T01:18:39Z
hrpan/tetris_mcts,https://github.com/hrpan/tetris_mcts,2018-02-20T20:52:28Z,316,2022-11-22T06:29:12Z
mikgroup/sigpy,https://github.com/mikgroup/sigpy,2018-07-03T20:45:17Z,234,2022-12-22T13:55:42Z
marl/openl3,https://github.com/marl/openl3,2018-10-17T13:14:26Z,326,2022-12-08T17:35:53Z
microsoft/graspologic,https://github.com/microsoft/graspologic,2018-09-07T04:00:05Z,280,2023-01-05T20:27:50Z
benedekrozemberczki/Splitter,https://github.com/benedekrozemberczki/Splitter,2019-03-17T16:08:17Z,201,2022-11-06T21:16:39Z
ultralytics/xview-yolov3,https://github.com/ultralytics/xview-yolov3,2018-06-12T19:21:21Z,207,2022-09-26T19:59:06Z
cgnorthcutt/benchmarking-keras-pytorch,https://github.com/cgnorthcutt/benchmarking-keras-pytorch,2019-02-21T00:00:06Z,364,2021-01-28T08:41:58Z
gsurma/text_predictor,https://github.com/gsurma/text_predictor,2018-10-06T20:09:50Z,108,2021-07-09T08:54:40Z
lihanghang/NLP-Knowledge-Graph,https://github.com/lihanghang/NLP-Knowledge-Graph,2019-01-29T12:15:57Z,1291,2021-12-12T03:35:27Z
TimoBolkart/TF_FLAME,https://github.com/TimoBolkart/TF_FLAME,2019-05-24T13:46:15Z,342,2022-12-30T15:39:10Z
sktime/sktime,https://github.com/sktime/sktime,2018-11-06T15:08:24Z,6012,2023-01-05T21:56:33Z
apoorva-dave/LicensePlateDetector,https://github.com/apoorva-dave/LicensePlateDetector,2018-09-10T03:29:40Z,256,2022-11-22T08:51:12Z
bioinform/neusomatic,https://github.com/bioinform/neusomatic,2018-08-24T22:34:59Z,156,2021-12-23T10:41:50Z
namisan/mt-dnn,https://github.com/namisan/mt-dnn,2019-02-19T22:58:26Z,2065,2022-11-28T17:11:56Z
Anfany/Machine-Learning-for-Beginner-by-Python3,https://github.com/Anfany/Machine-Learning-for-Beginner-by-Python3,2018-03-09T06:55:55Z,386,2021-10-16T08:32:33Z
zhaoyingjun/chatbot,https://github.com/zhaoyingjun/chatbot,2018-01-08T16:00:08Z,2953,2022-07-18T12:36:30Z
benedekrozemberczki/M-NMF,https://github.com/benedekrozemberczki/M-NMF,2018-05-22T09:17:35Z,119,2022-11-06T21:18:56Z
Pzoom522/MusiCoder,https://github.com/Pzoom522/MusiCoder,2018-04-24T00:09:42Z,145,2021-08-04T15:10:16Z
uber-research/deep-neuroevolution,https://github.com/uber-research/deep-neuroevolution,2018-01-04T01:12:25Z,1570,2022-11-21T20:47:11Z
uvipen/Yolo-v2-pytorch,https://github.com/uvipen/Yolo-v2-pytorch,2019-01-31T19:00:56Z,334,2021-12-26T20:09:45Z
netrack/keras-metrics,https://github.com/netrack/keras-metrics,2018-05-23T19:54:15Z,167,2021-12-22T08:39:15Z
IntelAI/models,https://github.com/IntelAI/models,2018-10-23T23:59:08Z,436,2022-12-30T21:13:06Z
zvtvz/zvt,https://github.com/zvtvz/zvt,2019-04-04T08:06:57Z,2284,2022-09-28T09:42:26Z
lzhbrian/metrics,https://github.com/lzhbrian/metrics,2019-03-24T02:58:16Z,101,2021-03-02T00:52:13Z
ikostrikov/pytorch-flows,https://github.com/ikostrikov/pytorch-flows,2018-09-01T19:58:17Z,546,2021-05-13T19:59:29Z
wmylxmj/YOLO-V3-IOU,https://github.com/wmylxmj/YOLO-V3-IOU,2019-01-19T04:20:48Z,127,2021-06-07T14:43:02Z
AlexIoannides/kubernetes-mlops,https://github.com/AlexIoannides/kubernetes-mlops,2019-01-28T16:40:35Z,292,2022-12-08T01:52:26Z
sumuzhao/CycleGAN-Music-Style-Transfer,https://github.com/sumuzhao/CycleGAN-Music-Style-Transfer,2018-09-06T07:09:02Z,241,2021-04-04T09:00:39Z
amineHorseman/facial-expression-recognition-using-cnn,https://github.com/amineHorseman/facial-expression-recognition-using-cnn,2018-01-24T19:45:11Z,355,2021-11-15T16:47:42Z
felixchenfy/Realtime-Action-Recognition,https://github.com/felixchenfy/Realtime-Action-Recognition,2019-03-17T21:28:59Z,689,2021-07-03T14:39:39Z
Stick-To/CenterNet-tensorflow,https://github.com/Stick-To/CenterNet-tensorflow,2019-05-08T07:33:03Z,134,2021-05-02T08:27:08Z
aiqm/torchani,https://github.com/aiqm/torchani,2018-04-02T15:43:04Z,364,2022-11-10T21:04:28Z
molecularsets/moses,https://github.com/molecularsets/moses,2018-11-28T11:51:17Z,656,2022-01-10T13:25:04Z
allenai/scibert,https://github.com/allenai/scibert,2019-01-30T19:00:00Z,1201,2022-02-22T19:57:07Z
luopeixiang/named_entity_recognition,https://github.com/luopeixiang/named_entity_recognition,2019-03-21T16:13:59Z,1683,2022-06-21T21:48:08Z
lopuhin/transformer-lm,https://github.com/lopuhin/transformer-lm,2019-03-17T07:30:07Z,161,2021-02-27T15:23:53Z
tugstugi/mongolian-speech-recognition,https://github.com/tugstugi/mongolian-speech-recognition,2018-09-11T09:08:58Z,119,2021-03-22T05:28:05Z
gadiluna/SAFE,https://github.com/gadiluna/SAFE,2018-11-14T11:16:25Z,144,2022-10-06T03:14:58Z
vzhou842/cnn-from-scratch,https://github.com/vzhou842/cnn-from-scratch,2019-05-22T02:32:42Z,190,2022-06-21T22:00:29Z
timbmg/VAE-CVAE-MNIST,https://github.com/timbmg/VAE-CVAE-MNIST,2018-02-26T12:54:18Z,412,2022-06-22T11:25:41Z
iperov/DeepFaceLab,https://github.com/iperov/DeepFaceLab,2018-06-04T13:10:00Z,36452,2022-12-31T08:42:33Z
cmhungsteve/TA3N,https://github.com/cmhungsteve/TA3N,2019-05-28T01:56:42Z,242,2022-12-08T05:35:21Z
mesutpiskin/id-card-detector,https://github.com/mesutpiskin/id-card-detector,2019-04-12T08:52:37Z,221,2022-11-22T05:13:09Z
salesforce/glad,https://github.com/salesforce/glad,2018-06-11T23:51:18Z,185,2022-02-12T14:34:52Z
google-research/language,https://github.com/google-research/language,2018-10-16T00:58:14Z,1347,2022-12-16T20:03:08Z
rgeirhos/Stylized-ImageNet,https://github.com/rgeirhos/Stylized-ImageNet,2018-11-05T13:00:15Z,446,2022-11-23T01:16:12Z
hsokooti/RegNet,https://github.com/hsokooti/RegNet,2018-01-07T17:52:19Z,175,2021-03-17T22:51:34Z
junqiangchen/LiTS---Liver-Tumor-Segmentation-Challenge,https://github.com/junqiangchen/LiTS---Liver-Tumor-Segmentation-Challenge,2018-12-06T03:04:16Z,197,2021-08-27T11:51:19Z
BeamNG/BeamNGpy,https://github.com/BeamNG/BeamNGpy,2018-06-28T11:35:18Z,158,2022-12-27T22:53:00Z
YoongiKim/AutoCrawler,https://github.com/YoongiKim/AutoCrawler,2018-11-21T16:01:14Z,1328,2022-07-25T09:24:06Z
okankop/vidaug,https://github.com/okankop/vidaug,2018-06-11T17:32:27Z,315,2021-10-05T18:45:16Z
IDKiro/CBDNet-pytorch,https://github.com/IDKiro/CBDNet-pytorch,2019-05-24T09:16:24Z,135,2021-08-11T10:57:18Z
theislab/scgen,https://github.com/theislab/scgen,2018-11-28T17:59:06Z,180,2022-04-25T17:04:48Z
onnx/onnxmltools,https://github.com/onnx/onnxmltools,2018-02-16T20:37:33Z,716,2022-12-15T16:58:15Z
ml-tooling/ml-workspace,https://github.com/ml-tooling/ml-workspace,2019-05-27T16:55:15Z,2876,2022-12-25T14:22:01Z
NVIDIA/Dataset_Utilities,https://github.com/NVIDIA/Dataset_Utilities,2018-07-12T21:57:42Z,119,2021-05-25T05:52:03Z
NRCan/geo-deep-learning,https://github.com/NRCan/geo-deep-learning,2018-09-07T17:20:42Z,123,2023-01-05T21:47:11Z
blmoistawinde/HarvestText,https://github.com/blmoistawinde/HarvestText,2018-11-19T07:44:45Z,1788,2022-07-02T01:30:48Z
sthanhng/yoloface,https://github.com/sthanhng/yoloface,2018-10-12T04:27:23Z,411,2022-06-23T10:51:32Z
zhou13/lcnn,https://github.com/zhou13/lcnn,2019-05-08T07:03:02Z,390,2022-05-10T06:44:05Z
quark0/darts,https://github.com/quark0/darts,2018-06-25T05:27:29Z,3680,2021-01-03T02:21:40Z
timkpaine/paperboy,https://github.com/timkpaine/paperboy,2018-10-12T15:37:49Z,238,2022-02-09T18:44:53Z
benedekrozemberczki/graph2vec,https://github.com/benedekrozemberczki/graph2vec,2018-07-10T11:04:51Z,798,2022-11-06T21:15:35Z
GMvandeVen/continual-learning,https://github.com/GMvandeVen/continual-learning,2018-09-26T19:32:16Z,1041,2022-12-22T12:08:34Z
v-mipeng/LexiconNER,https://github.com/v-mipeng/LexiconNER,2019-05-23T14:09:25Z,150,2022-07-26T12:51:02Z
BindsNET/bindsnet,https://github.com/BindsNET/bindsnet,2018-02-09T19:42:37Z,1184,2022-12-23T16:20:25Z
ildoonet/pytorch-gradual-warmup-lr,https://github.com/ildoonet/pytorch-gradual-warmup-lr,2019-01-16T05:46:13Z,875,2021-07-15T19:41:42Z
DeepLabCut/DeepLabCut,https://github.com/DeepLabCut/DeepLabCut,2018-03-26T22:29:12Z,3437,2023-01-03T09:34:19Z
johri002/Automatic-leaf-infection-identifier,https://github.com/johri002/Automatic-leaf-infection-identifier,2018-11-26T06:17:06Z,148,2022-06-21T21:37:53Z
SeanLee97/xmnlp,https://github.com/SeanLee97/xmnlp,2018-02-04T01:48:44Z,962,2022-11-12T03:29:39Z
jasonrig/address-net,https://github.com/jasonrig/address-net,2018-12-05T02:04:53Z,171,2022-08-27T05:54:10Z
sacmehta/ESPNetv2,https://github.com/sacmehta/ESPNetv2,2018-11-20T17:21:15Z,416,2021-01-29T00:27:38Z
guotong1988/BERT-GPU,https://github.com/guotong1988/BERT-GPU,2018-12-25T07:45:36Z,163,2021-06-21T02:05:35Z
catalyst-team/catalyst,https://github.com/catalyst-team/catalyst,2018-08-20T07:56:13Z,3056,2022-10-05T23:42:09Z
Stick-To/Object-Detection-Tensorflow,https://github.com/Stick-To/Object-Detection-Tensorflow,2019-05-16T13:02:45Z,275,2021-05-02T08:22:25Z
sniklaus/pytorch-hed,https://github.com/sniklaus/pytorch-hed,2018-09-26T22:56:45Z,374,2022-11-07T16:59:34Z
medipixel/rl_algorithms,https://github.com/medipixel/rl_algorithms,2018-12-10T01:40:01Z,465,2022-12-27T15:35:16Z
CharlesPikachu/AIGames,https://github.com/CharlesPikachu/AIGames,2018-08-18T13:45:18Z,525,2022-11-21T21:40:28Z
WenjieZ/TSCV,https://github.com/WenjieZ/TSCV,2019-05-14T09:10:38Z,221,2022-02-11T12:19:53Z
MillionIntegrals/vel,https://github.com/MillionIntegrals/vel,2018-05-09T20:16:48Z,272,2022-12-08T04:50:05Z
runwayml/model-sdk,https://github.com/runwayml/model-sdk,2018-11-09T01:54:34Z,101,2022-03-28T15:15:07Z
yeyupiaoling/LearnPaddle,https://github.com/yeyupiaoling/LearnPaddle,2018-01-21T04:11:08Z,350,2021-03-09T08:31:24Z
epic-kitchens/epic-kitchens-55-annotations,https://github.com/epic-kitchens/epic-kitchens-55-annotations,2018-03-22T11:14:03Z,138,2021-03-17T13:01:03Z
GavinHacker/recsys_core,https://github.com/GavinHacker/recsys_core,2019-01-30T08:55:58Z,290,2021-12-30T09:11:13Z
foamliu/Car-Recognition,https://github.com/foamliu/Car-Recognition,2018-04-28T07:36:40Z,315,2022-10-30T19:17:49Z
labmlai/labml,https://github.com/labmlai/labml,2018-11-16T09:34:48Z,1262,2022-12-27T16:52:48Z
atulkum/pointer_summarizer,https://github.com/atulkum/pointer_summarizer,2018-04-16T04:54:08Z,853,2022-11-20T05:13:59Z
IlyaGusev/summarus,https://github.com/IlyaGusev/summarus,2018-11-25T17:07:26Z,149,2022-07-03T19:02:08Z
Pattio/DeepSwarm,https://github.com/Pattio/DeepSwarm,2018-12-31T14:06:41Z,288,2021-03-25T22:37:52Z
ICLRandD/Blackstone,https://github.com/ICLRandD/Blackstone,2019-03-25T11:18:33Z,576,2021-06-28T09:40:06Z
atomistic-machine-learning/schnetpack,https://github.com/atomistic-machine-learning/schnetpack,2018-09-03T15:44:35Z,553,2023-01-05T18:34:33Z
chuanenlin/optical-flow,https://github.com/chuanenlin/optical-flow,2019-03-28T04:12:47Z,113,2021-09-27T03:19:10Z
Acellera/moleculekit,https://github.com/Acellera/moleculekit,2019-03-28T10:51:36Z,127,2022-12-23T14:12:06Z
megvii-research/ICCV2019-LearningToPaint,https://github.com/megvii-research/ICCV2019-LearningToPaint,2019-03-11T03:56:03Z,2160,2022-09-26T07:13:24Z
lukasruff/Deep-SVDD-PyTorch,https://github.com/lukasruff/Deep-SVDD-PyTorch,2018-10-15T08:59:57Z,543,2022-12-08T01:19:26Z
autonomio/talos,https://github.com/autonomio/talos,2018-05-04T20:36:41Z,1573,2022-09-18T16:01:21Z
PhantomInsights/summarizer,https://github.com/PhantomInsights/summarizer,2019-02-10T20:58:37Z,250,2022-03-02T22:15:25Z
prashnani/PerceptualImageError,https://github.com/prashnani/PerceptualImageError,2018-06-06T05:29:40Z,163,2021-09-14T22:05:17Z
yuanming-hu/exposure,https://github.com/yuanming-hu/exposure,2018-02-18T16:25:46Z,719,2021-08-27T12:12:15Z
CyberZHG/keras-gpt-2,https://github.com/CyberZHG/keras-gpt-2,2019-02-18T06:33:45Z,127,2022-01-22T11:44:25Z
salesforce/decaNLP,https://github.com/salesforce/decaNLP,2018-06-20T06:19:43Z,2283,2022-10-26T06:45:48Z
onnx/sklearn-onnx,https://github.com/onnx/sklearn-onnx,2018-12-18T20:18:48Z,397,2023-01-04T17:59:07Z
yeyupiaoling/LearnPaddle2,https://github.com/yeyupiaoling/LearnPaddle2,2018-10-12T07:38:56Z,147,2021-04-02T15:54:10Z
huochaitiantang/pytorch-deep-image-matting,https://github.com/huochaitiantang/pytorch-deep-image-matting,2018-08-13T04:40:25Z,288,2022-11-22T02:54:27Z
Cartus/AGGCN,https://github.com/Cartus/AGGCN,2019-05-24T07:59:48Z,406,2022-03-22T18:07:16Z
CVxTz/EEG_classification,https://github.com/CVxTz/EEG_classification,2018-09-27T18:27:03Z,107,2022-06-21T21:26:20Z
richzhang/PerceptualSimilarity,https://github.com/richzhang/PerceptualSimilarity,2018-01-11T01:43:21Z,2610,2022-12-24T21:19:08Z
dirty-cat/dirty_cat,https://github.com/dirty-cat/dirty_cat,2018-03-12T23:32:22Z,637,2023-01-05T21:32:02Z
wmylxmj/Anime-Super-Resolution,https://github.com/wmylxmj/Anime-Super-Resolution,2019-04-30T07:37:40Z,119,2021-03-15T04:44:23Z
kLabUM/rrcf,https://github.com/kLabUM/rrcf,2018-10-20T05:39:05Z,415,2021-01-13T23:05:23Z
wotchin/SmooFaceEngine,https://github.com/wotchin/SmooFaceEngine,2018-04-23T09:22:21Z,103,2022-01-19T02:41:52Z
ZhixiuYe/Intra-Bag-and-Inter-Bag-Attentions,https://github.com/ZhixiuYe/Intra-Bag-and-Inter-Bag-Attentions,2019-02-26T04:28:52Z,112,2021-07-20T01:55:08Z
weihua916/powerful-gnns,https://github.com/weihua916/powerful-gnns,2018-12-26T18:37:44Z,981,2021-07-01T16:45:36Z
Tiiiger/SGC,https://github.com/Tiiiger/SGC,2019-01-30T05:50:17Z,727,2021-12-13T17:45:43Z
wq2012/SpectralCluster,https://github.com/wq2012/SpectralCluster,2019-01-18T18:05:48Z,373,2022-10-26T00:35:54Z
hudson-and-thames/mlfinlab,https://github.com/hudson-and-thames/mlfinlab,2019-02-13T16:57:25Z,3247,2022-11-21T22:58:33Z
xiaoyang-sde/typescript-design-pattern,https://github.com/xiaoyang-sde/typescript-design-pattern,2019-01-24T12:18:27Z,162,2023-01-01T12:02:51Z
omar178/Emotion-recognition,https://github.com/omar178/Emotion-recognition,2018-08-25T04:19:43Z,852,2022-10-22T16:41:55Z
YU1ut/MixMatch-pytorch,https://github.com/YU1ut/MixMatch-pytorch,2019-05-22T03:22:19Z,565,2022-05-19T21:39:09Z
mozilla/bugbug,https://github.com/mozilla/bugbug,2018-03-12T15:29:09Z,411,2023-01-05T14:47:59Z
NeymarL/ChineseChess-AlphaZero,https://github.com/NeymarL/ChineseChess-AlphaZero,2018-01-30T10:13:29Z,859,2022-11-21T21:09:48Z
logictensornetworks/logictensornetworks,https://github.com/logictensornetworks/logictensornetworks,2018-07-07T20:50:18Z,171,2022-07-29T06:41:11Z
kymatio/kymatio,https://github.com/kymatio/kymatio,2018-10-02T01:45:46Z,612,2023-01-02T19:57:27Z
shaohua0116/Multiview2Novelview,https://github.com/shaohua0116/Multiview2Novelview,2018-07-25T06:36:46Z,198,2021-09-02T11:17:07Z
dmbee/seglearn,https://github.com/dmbee/seglearn,2018-03-05T20:53:59Z,536,2022-08-27T09:01:18Z
amansrivastava17/lstm-siamese-text-similarity,https://github.com/amansrivastava17/lstm-siamese-text-similarity,2018-03-23T11:36:08Z,267,2022-11-21T22:00:03Z
yaserkl/RLSeq2Seq,https://github.com/yaserkl/RLSeq2Seq,2018-05-24T00:24:40Z,737,2022-11-21T20:54:06Z
huggingface/knockknock,https://github.com/huggingface/knockknock,2019-03-20T13:08:55Z,2534,2022-10-28T06:39:26Z
kpe/bert-for-tf2,https://github.com/kpe/bert-for-tf2,2019-05-22T07:51:33Z,782,2022-08-20T08:35:43Z
sarnthil/unify-emotion-datasets,https://github.com/sarnthil/unify-emotion-datasets,2018-06-26T08:45:31Z,207,2022-01-03T15:20:50Z
ShreyAmbesh/Traffic-Rule-Violation-Detection-System,https://github.com/ShreyAmbesh/Traffic-Rule-Violation-Detection-System,2018-04-08T08:10:16Z,241,2021-11-05T07:54:28Z
tbepler/protein-sequence-embedding-iclr2019,https://github.com/tbepler/protein-sequence-embedding-iclr2019,2019-02-22T17:38:16Z,233,2021-06-16T17:22:06Z
GT-RIPL/Continual-Learning-Benchmark,https://github.com/GT-RIPL/Continual-Learning-Benchmark,2018-11-30T16:40:23Z,432,2021-04-26T10:03:40Z
WLM1ke/poptimizer,https://github.com/WLM1ke/poptimizer,2018-12-03T14:43:33Z,134,2023-01-02T05:51:32Z
sfyc23/EverydayWechat,https://github.com/sfyc23/EverydayWechat,2019-03-11T17:38:45Z,9338,2021-06-22T02:56:06Z
ambakick/Person-Detection-and-Tracking,https://github.com/ambakick/Person-Detection-and-Tracking,2018-10-10T14:50:05Z,232,2022-12-07T14:49:36Z
benedekrozemberczki/SimGNN,https://github.com/benedekrozemberczki/SimGNN,2019-01-31T01:15:15Z,537,2022-11-06T21:27:37Z
sniklaus/pytorch-liteflownet,https://github.com/sniklaus/pytorch-liteflownet,2019-02-09T21:21:57Z,365,2022-11-07T16:59:40Z
see--/keras-centernet,https://github.com/see--/keras-centernet,2019-04-25T09:14:47Z,332,2021-10-12T22:58:36Z
x4nth055/emotion-recognition-using-speech,https://github.com/x4nth055/emotion-recognition-using-speech,2019-04-27T13:48:35Z,359,2022-11-21T23:28:51Z
stared/livelossplot,https://github.com/stared/livelossplot,2018-03-10T17:51:43Z,1223,2022-07-15T12:45:07Z
sipeed/MaixPy_scripts,https://github.com/sipeed/MaixPy_scripts,2019-03-16T07:28:41Z,511,2022-09-08T02:36:46Z
benedekrozemberczki/APPNP,https://github.com/benedekrozemberczki/APPNP,2019-02-12T10:03:48Z,330,2022-11-06T21:13:30Z
voxelmorph/voxelmorph,https://github.com/voxelmorph/voxelmorph,2018-05-14T16:19:41Z,1706,2022-12-16T05:52:42Z
lijx10/SO-Net,https://github.com/lijx10/SO-Net,2018-02-28T06:08:26Z,324,2021-02-24T05:54:38Z
theislab/diffxpy,https://github.com/theislab/diffxpy,2018-07-02T15:37:56Z,142,2022-10-11T02:41:42Z
kkanshul/finegan,https://github.com/kkanshul/finegan,2018-11-27T01:00:06Z,271,2021-08-02T14:52:51Z
stefanonardo/pytorch-esn,https://github.com/stefanonardo/pytorch-esn,2018-03-25T22:28:33Z,152,2023-01-04T18:47:57Z
tympanix/subsync,https://github.com/tympanix/subsync,2018-03-21T20:31:28Z,115,2022-11-21T22:15:54Z
imatge-upc/rvos,https://github.com/imatge-upc/rvos,2019-03-12T11:38:01Z,269,2022-11-22T01:38:39Z
lingtengqiu/Deeperlab-pytorch,https://github.com/lingtengqiu/Deeperlab-pytorch,2019-02-25T02:52:31Z,138,2021-04-27T15:50:46Z
benedekrozemberczki/DANMF,https://github.com/benedekrozemberczki/DANMF,2018-11-22T14:09:02Z,185,2022-11-06T21:28:50Z
ahmetozlu/color_recognition,https://github.com/ahmetozlu/color_recognition,2018-01-13T19:07:38Z,250,2021-01-02T20:13:13Z
Ha0Tang/SelectionGAN,https://github.com/Ha0Tang/SelectionGAN,2019-04-13T23:33:59Z,424,2022-11-22T12:48:06Z
benedekrozemberczki/SGCN,https://github.com/benedekrozemberczki/SGCN,2018-12-07T01:22:50Z,251,2022-11-06T21:29:45Z
ryanxingql/mfqev2.0,https://github.com/ryanxingql/mfqev2.0,2019-02-23T14:21:25Z,147,2022-09-24T07:06:07Z
mravanelli/SincNet,https://github.com/mravanelli/SincNet,2018-07-10T19:54:09Z,991,2021-04-28T07:54:52Z
avinashpaliwal/Super-SloMo,https://github.com/avinashpaliwal/Super-SloMo,2018-12-25T17:34:17Z,2861,2022-09-25T05:58:58Z
shaoxiongji/federated-learning,https://github.com/shaoxiongji/federated-learning,2018-03-30T10:44:46Z,802,2021-11-18T14:54:04Z
pmariglia/showdown,https://github.com/pmariglia/showdown,2019-03-24T15:09:15Z,167,2023-01-01T18:46:45Z
oxwhirl/smac,https://github.com/oxwhirl/smac,2019-01-08T17:12:37Z,776,2023-01-01T17:53:13Z
jasonwei20/eda_nlp,https://github.com/jasonwei20/eda_nlp,2018-12-27T02:02:36Z,1374,2021-05-19T02:54:18Z
soujanyaporia/aspect-extraction,https://github.com/soujanyaporia/aspect-extraction,2018-07-28T07:29:26Z,153,2021-05-16T01:12:00Z
kalviny/MSDNet-PyTorch,https://github.com/kalviny/MSDNet-PyTorch,2018-12-14T08:34:55Z,171,2022-01-07T06:30:40Z
apachecn/pytorch-doc-zh,https://github.com/apachecn/pytorch-doc-zh,2018-01-08T08:28:04Z,3692,2022-09-21T07:36:47Z
shepnerd/inpainting_gmcnn,https://github.com/shepnerd/inpainting_gmcnn,2018-10-20T07:37:24Z,387,2022-03-01T11:47:57Z
intel/dffml,https://github.com/intel/dffml,2018-09-19T21:06:34Z,197,2023-01-05T19:24:08Z
justinshenk/fer,https://github.com/justinshenk/fer,2018-09-24T13:35:52Z,237,2022-12-12T16:52:01Z
beringresearch/ivis,https://github.com/beringresearch/ivis,2018-08-13T08:31:01Z,285,2022-11-04T13:13:48Z
doccano/doccano,https://github.com/doccano/doccano,2018-05-09T06:10:05Z,7156,2022-12-31T16:04:15Z
hkveeranki/speech-emotion-recognition,https://github.com/hkveeranki/speech-emotion-recognition,2018-04-21T10:37:14Z,251,2022-03-16T12:25:38Z
harshbg/Sign-Language-Interpreter-using-Deep-Learning,https://github.com/harshbg/Sign-Language-Interpreter-using-Deep-Learning,2019-04-08T03:02:35Z,288,2022-12-20T08:26:06Z
ImagingLab/Colorizing-with-GANs,https://github.com/ImagingLab/Colorizing-with-GANs,2018-01-25T03:45:42Z,237,2022-09-05T00:16:08Z
developmentseed/label-maker,https://github.com/developmentseed/label-maker,2018-01-10T19:21:31Z,436,2022-11-22T05:58:42Z
zwx8981/DBCNN-PyTorch,https://github.com/zwx8981/DBCNN-PyTorch,2019-01-21T07:55:20Z,162,2022-03-19T14:50:35Z
jasonwu0731/trade-dst,https://github.com/jasonwu0731/trade-dst,2019-05-19T19:37:03Z,378,2022-12-08T05:13:09Z
liuziwei7/voxel-flow,https://github.com/liuziwei7/voxel-flow,2018-02-05T01:15:50Z,207,2021-10-09T02:28:11Z
perslev/MultiPlanarUNet,https://github.com/perslev/MultiPlanarUNet,2018-01-10T10:17:27Z,177,2022-11-21T23:08:52Z
zhuofupan/Tensorflow-Deep-Neural-Networks,https://github.com/zhuofupan/Tensorflow-Deep-Neural-Networks,2018-03-16T03:14:25Z,123,2022-08-15T09:14:30Z
benedekrozemberczki/SEAL-CI,https://github.com/benedekrozemberczki/SEAL-CI,2019-04-23T15:01:21Z,202,2022-11-06T21:14:17Z
clemkoa/tooth-detection,https://github.com/clemkoa/tooth-detection,2018-05-22T14:13:05Z,149,2021-10-21T23:17:58Z
svip-lab/PlanarReconstruction,https://github.com/svip-lab/PlanarReconstruction,2019-02-25T10:50:31Z,323,2021-02-01T15:53:51Z
Spenhouet/tensorboard-aggregator,https://github.com/Spenhouet/tensorboard-aggregator,2019-02-03T13:35:23Z,141,2021-04-12T06:49:56Z
baidu-research/NCRF,https://github.com/baidu-research/NCRF,2018-06-04T17:20:50Z,731,2022-11-22T07:37:23Z
hli1221/imagefusion_densefuse,https://github.com/hli1221/imagefusion_densefuse,2018-03-12T06:58:49Z,186,2022-07-27T04:27:30Z
neo-ai/neo-ai-dlr,https://github.com/neo-ai/neo-ai-dlr,2018-12-14T22:25:31Z,467,2023-01-04T01:23:20Z
vzhou842/neural-network-from-scratch,https://github.com/vzhou842/neural-network-from-scratch,2019-03-03T02:47:31Z,159,2022-06-21T22:01:09Z
zhmiao/OpenLongTailRecognition-OLTR,https://github.com/zhmiao/OpenLongTailRecognition-OLTR,2019-01-23T22:08:16Z,763,2022-07-16T06:28:09Z
YonghaoXu/SEANet,https://github.com/YonghaoXu/SEANet,2019-01-17T09:25:53Z,100,2021-06-17T01:21:53Z
RobotLocomotion/pytorch-dense-correspondence,https://github.com/RobotLocomotion/pytorch-dense-correspondence,2018-02-13T16:41:18Z,520,2022-08-08T04:32:23Z
allenai/scispacy,https://github.com/allenai/scispacy,2018-09-24T21:45:52Z,1299,2022-12-10T17:26:57Z
jonasrothfuss/fishervector,https://github.com/jonasrothfuss/fishervector,2018-03-01T09:29:44Z,100,2022-06-21T21:13:50Z
raphaelvallat/entropy,https://github.com/raphaelvallat/entropy,2018-10-16T00:53:03Z,146,2021-03-29T17:48:21Z
benedekrozemberczki/GraphWaveMachine,https://github.com/benedekrozemberczki/GraphWaveMachine,2018-04-23T15:43:49Z,168,2022-11-06T21:29:29Z
foolwood/SiamMask,https://github.com/foolwood/SiamMask,2019-03-04T11:34:17Z,3354,2022-02-07T23:58:13Z
microsoft/human-pose-estimation.pytorch,https://github.com/microsoft/human-pose-estimation.pytorch,2018-08-01T07:35:15Z,2744,2022-11-28T19:11:04Z
fsx950223/mobilenetv2-yolov3,https://github.com/fsx950223/mobilenetv2-yolov3,2019-03-09T03:54:37Z,287,2022-11-21T21:06:44Z
vgrabovets/multi_rake,https://github.com/vgrabovets/multi_rake,2018-06-11T12:19:07Z,236,2022-09-28T09:42:51Z
scitime/scitime,https://github.com/scitime/scitime,2018-08-07T16:56:46Z,119,2021-03-27T15:56:15Z
dperezrada/keywords2vec,https://github.com/dperezrada/keywords2vec,2018-11-14T23:44:20Z,121,2022-10-06T09:46:27Z
xiongma/transformer-pointer-generator,https://github.com/xiongma/transformer-pointer-generator,2019-05-20T09:43:12Z,381,2021-05-21T15:38:54Z
pavlin-policar/openTSNE,https://github.com/pavlin-policar/openTSNE,2018-06-08T18:42:09Z,1119,2022-12-02T20:33:08Z
HypoX64/DeepMosaics,https://github.com/HypoX64/DeepMosaics,2019-03-05T17:25:47Z,1400,2022-06-22T04:26:02Z
truskovskiyk/nima.pytorch,https://github.com/truskovskiyk/nima.pytorch,2018-03-13T19:49:24Z,293,2022-06-21T22:14:08Z
ajbrock/BigGAN-PyTorch,https://github.com/ajbrock/BigGAN-PyTorch,2019-01-20T18:50:49Z,2630,2022-02-14T16:59:01Z
xingyul/flownet3d,https://github.com/xingyul/flownet3d,2019-04-15T21:06:26Z,325,2022-12-25T12:42:22Z
songyouwei/ABSA-PyTorch,https://github.com/songyouwei/ABSA-PyTorch,2018-05-09T14:49:33Z,1684,2022-06-22T04:12:49Z
Cartucho/mAP,https://github.com/Cartucho/mAP,2018-03-08T11:24:23Z,2634,2022-08-29T10:16:01Z
EmuKit/emukit,https://github.com/EmuKit/emukit,2018-09-04T05:01:34Z,472,2022-12-15T23:20:46Z
castorini/hedwig,https://github.com/castorini/hedwig,2019-03-10T00:44:37Z,535,2022-06-21T21:52:31Z
lsdefine/attention-is-all-you-need-keras,https://github.com/lsdefine/attention-is-all-you-need-keras,2018-03-16T06:07:11Z,690,2021-09-24T06:48:44Z
umbertogriffo/focal-loss-keras,https://github.com/umbertogriffo/focal-loss-keras,2018-12-07T10:53:38Z,270,2022-11-21T23:03:44Z
khurramjaved96/incremental-learning,https://github.com/khurramjaved96/incremental-learning,2018-01-25T06:15:02Z,101,2022-06-21T21:18:05Z
sniklaus/pytorch-pwc,https://github.com/sniklaus/pytorch-pwc,2018-07-16T23:54:14Z,543,2022-11-07T16:59:46Z
yunxiaoshi/Neural-IMage-Assessment,https://github.com/yunxiaoshi/Neural-IMage-Assessment,2018-02-17T07:21:49Z,419,2021-11-10T11:36:17Z
aimagelab/novelty-detection,https://github.com/aimagelab/novelty-detection,2018-11-15T19:28:38Z,182,2022-12-12T11:13:01Z
dmlc/gluon-nlp,https://github.com/dmlc/gluon-nlp,2018-04-04T20:57:13Z,2462,2022-12-25T20:52:27Z
lufficc/SSD,https://github.com/lufficc/SSD,2018-12-06T20:19:33Z,1320,2022-04-14T19:48:52Z
zae-bayern/elpv-dataset,https://github.com/zae-bayern/elpv-dataset,2018-03-07T10:53:56Z,131,2022-09-30T14:26:38Z
NUAA-AL/ALiPy,https://github.com/NUAA-AL/ALiPy,2018-09-19T07:54:37Z,793,2022-09-17T11:16:06Z
danielzuegner/gnn-meta-attack,https://github.com/danielzuegner/gnn-meta-attack,2019-02-13T17:08:45Z,115,2021-12-09T14:44:50Z
plasticityai/magnitude,https://github.com/plasticityai/magnitude,2018-02-24T07:28:16Z,1547,2022-10-15T11:44:16Z
drawbridge/keras-mmoe,https://github.com/drawbridge/keras-mmoe,2018-09-10T22:49:08Z,606,2022-11-21T23:28:40Z
ialhashim/DenseDepth,https://github.com/ialhashim/DenseDepth,2018-12-28T11:50:52Z,1377,2022-12-07T05:16:56Z
arunponnusamy/object-detection-opencv,https://github.com/arunponnusamy/object-detection-opencv,2018-07-16T06:52:18Z,361,2022-12-25T16:24:30Z
opensemanticsearch/open-semantic-entity-search-api,https://github.com/opensemanticsearch/open-semantic-entity-search-api,2018-03-13T07:26:57Z,146,2022-10-09T10:27:02Z
malllabiisc/WordGCN,https://github.com/malllabiisc/WordGCN,2019-05-17T04:15:25Z,278,2022-11-21T21:31:30Z
cvjena/semantic-embeddings,https://github.com/cvjena/semantic-embeddings,2018-11-09T09:42:59Z,249,2021-04-26T08:40:50Z
regel/loudml,https://github.com/regel/loudml,2018-01-16T13:49:22Z,257,2022-12-08T09:30:37Z
mlflow/mlflow,https://github.com/mlflow/mlflow,2018-06-05T16:05:58Z,13349,2023-01-06T01:33:54Z
Naman-ntc/Pytorch-Human-Pose-Estimation,https://github.com/Naman-ntc/Pytorch-Human-Pose-Estimation,2018-10-28T18:24:50Z,435,2021-10-20T08:04:19Z
Stable-Baselines-Team/stable-baselines,https://github.com/Stable-Baselines-Team/stable-baselines,2019-01-19T11:47:06Z,229,2022-09-05T07:36:39Z
wywongbd/pairstrade-fyp-2019,https://github.com/wywongbd/pairstrade-fyp-2019,2018-09-07T07:51:06Z,211,2022-12-08T05:05:24Z
brendanhasz/probflow,https://github.com/brendanhasz/probflow,2019-01-05T20:46:44Z,152,2022-08-10T20:50:04Z
hackingmaterials/automatminer,https://github.com/hackingmaterials/automatminer,2018-05-10T18:27:08Z,112,2022-12-07T10:00:21Z
Zhenye-Na/reinforcement-learning-stanford,https://github.com/Zhenye-Na/reinforcement-learning-stanford,2019-04-21T01:21:11Z,275,2022-11-21T23:43:06Z
NVlabs/MUNIT,https://github.com/NVlabs/MUNIT,2018-03-30T21:56:14Z,2512,2022-09-20T12:23:52Z
yongzhuo/nlp_xiaojiang,https://github.com/yongzhuo/nlp_xiaojiang,2019-04-09T07:17:05Z,1422,2021-09-23T05:44:27Z
MingtaoGuo/DCGAN_WGAN_WGAN-GP_LSGAN_SNGAN_RSGAN_BEGAN_ACGAN_PGGAN_TensorFlow,https://github.com/MingtaoGuo/DCGAN_WGAN_WGAN-GP_LSGAN_SNGAN_RSGAN_BEGAN_ACGAN_PGGAN_TensorFlow,2018-07-03T09:31:32Z,200,2022-08-20T01:47:15Z
PIQuIL/QuCumber,https://github.com/PIQuIL/QuCumber,2018-05-07T14:55:13Z,162,2022-11-20T19:28:28Z
benedekrozemberczki/role2vec,https://github.com/benedekrozemberczki/role2vec,2019-01-27T21:24:16Z,157,2022-11-06T21:10:54Z
ludwig-ai/ludwig,https://github.com/ludwig-ai/ludwig,2018-12-27T23:58:12Z,8685,2023-01-06T03:59:39Z
topazape/LSTM_Chem,https://github.com/topazape/LSTM_Chem,2018-04-20T04:34:31Z,104,2022-12-26T21:43:17Z
BLKSerene/Wordless,https://github.com/BLKSerene/Wordless,2018-08-23T12:38:19Z,568,2022-11-29T20:37:52Z
qubvel/efficientnet,https://github.com/qubvel/efficientnet,2019-05-30T20:21:09Z,1998,2021-08-16T07:14:52Z
4uiiurz1/keras-arcface,https://github.com/4uiiurz1/keras-arcface,2019-04-17T11:43:15Z,262,2022-05-09T02:02:47Z
mseitzer/pytorch-fid,https://github.com/mseitzer/pytorch-fid,2018-02-10T12:33:06Z,2098,2023-01-05T17:30:20Z
ahmetgunduz/Real-time-GesRec,https://github.com/ahmetgunduz/Real-time-GesRec,2019-01-09T13:53:10Z,469,2022-12-29T05:50:36Z
vikasverma1077/ICT,https://github.com/vikasverma1077/ICT,2019-03-05T01:29:58Z,126,2022-10-16T03:36:38Z
guillaumegenthial/tf_metrics,https://github.com/guillaumegenthial/tf_metrics,2018-09-16T17:37:21Z,219,2022-09-20T09:33:09Z
xavierpuigf/virtualhome,https://github.com/xavierpuigf/virtualhome,2019-03-25T15:34:12Z,214,2022-12-08T20:08:34Z
YangZeyu95/unofficial-implement-of-openpose,https://github.com/YangZeyu95/unofficial-implement-of-openpose,2018-11-22T14:40:09Z,257,2021-03-12T05:08:35Z
kashif/firedup,https://github.com/kashif/firedup,2018-11-25T15:46:43Z,132,2022-04-19T10:56:23Z
yu4u/noise2noise,https://github.com/yu4u/noise2noise,2018-07-19T20:22:11Z,973,2021-08-12T12:14:29Z
PacktPublishing/Advanced-Deep-Learning-with-Keras,https://github.com/PacktPublishing/Advanced-Deep-Learning-with-Keras,2018-03-15T07:08:43Z,1465,2022-12-16T03:57:16Z
huggingface/hmtl,https://github.com/huggingface/hmtl,2018-10-31T22:43:50Z,1159,2022-12-08T01:17:55Z
PSLmodels/PCI-China,https://github.com/PSLmodels/PCI-China,2018-10-02T15:53:05Z,170,2022-11-11T06:19:06Z
wzpan/wukong-robot,https://github.com/wzpan/wukong-robot,2019-01-16T16:19:51Z,3736,2023-01-04T04:05:23Z
HazyResearch/fonduer,https://github.com/HazyResearch/fonduer,2018-02-02T22:03:13Z,386,2021-06-23T01:24:52Z
GantMan/nsfw_model,https://github.com/GantMan/nsfw_model,2019-01-20T04:18:53Z,1074,2022-12-06T18:08:38Z
kororo/excelcy,https://github.com/kororo/excelcy,2018-07-17T00:18:05Z,101,2022-12-08T11:26:10Z
NVlabs/geomapnet,https://github.com/NVlabs/geomapnet,2018-04-06T20:15:13Z,322,2021-07-27T00:32:44Z
msracver/Deep-Exemplar-based-Colorization,https://github.com/msracver/Deep-Exemplar-based-Colorization,2018-08-30T06:42:56Z,468,2021-09-27T05:01:11Z
Hironsan/asari,https://github.com/Hironsan/asari,2019-02-06T05:17:05Z,120,2022-10-19T00:51:33Z
deep-fingerprinting/df,https://github.com/deep-fingerprinting/df,2018-08-16T02:13:30Z,111,2022-11-21T22:26:24Z
bshaw2019/Crypto_Trader,https://github.com/bshaw2019/Crypto_Trader,2018-02-27T15:59:25Z,189,2022-12-08T01:00:26Z
otenim/GLCIC-PyTorch,https://github.com/otenim/GLCIC-PyTorch,2018-04-19T17:40:36Z,221,2022-11-22T07:56:24Z
zhuofupan/Pytorch-Deep-Neural-Networks,https://github.com/zhuofupan/Pytorch-Deep-Neural-Networks,2019-04-18T11:44:05Z,104,2022-09-16T02:12:09Z
hujinsen/StarGAN-Voice-Conversion,https://github.com/hujinsen/StarGAN-Voice-Conversion,2018-11-03T06:39:59Z,258,2021-09-27T09:33:06Z
codertimo/BERT-pytorch,https://github.com/codertimo/BERT-pytorch,2018-10-15T12:58:15Z,5273,2022-06-08T09:00:06Z
koriavinash1/DeepBrainSeg,https://github.com/koriavinash1/DeepBrainSeg,2018-08-17T05:58:55Z,151,2022-06-22T02:39:36Z
alexarnimueller/som,https://github.com/alexarnimueller/som,2018-01-16T00:00:17Z,120,2022-11-27T20:25:59Z
jgraving/DeepPoseKit,https://github.com/jgraving/DeepPoseKit,2019-05-05T09:48:51Z,345,2022-07-07T08:44:41Z
wb14123/seq2seq-couplet,https://github.com/wb14123/seq2seq-couplet,2018-02-24T02:44:52Z,5426,2022-11-21T21:06:33Z
SuperKogito/Voice-based-gender-recognition,https://github.com/SuperKogito/Voice-based-gender-recognition,2018-09-23T13:14:55Z,116,2022-06-21T21:51:10Z
crisbodnar/TensorFlow-NEAT,https://github.com/crisbodnar/TensorFlow-NEAT,2018-12-21T16:37:37Z,106,2023-01-04T00:51:50Z
santi-pdp/pase,https://github.com/santi-pdp/pase,2018-11-14T16:20:46Z,423,2022-06-21T21:51:14Z
alvations/sacremoses,https://github.com/alvations/sacremoses,2018-04-20T03:59:25Z,428,2022-10-13T13:07:10Z
bryanlimy/tf2-transformer-chatbot,https://github.com/bryanlimy/tf2-transformer-chatbot,2019-04-14T00:34:16Z,102,2022-08-06T16:00:48Z
blue-oil/blueoil,https://github.com/blue-oil/blueoil,2018-10-18T09:19:36Z,250,2021-04-22T08:46:57Z
NLPatVCU/medaCy,https://github.com/NLPatVCU/medaCy,2018-09-28T14:48:36Z,379,2022-11-01T20:05:09Z
mnicnc404/CartoonGan-tensorflow,https://github.com/mnicnc404/CartoonGan-tensorflow,2019-02-16T01:29:43Z,847,2021-10-17T06:18:24Z
rk2900/DRSA,https://github.com/rk2900/DRSA,2018-02-10T06:02:42Z,116,2021-01-28T07:30:50Z
Tramac/Fast-SCNN-pytorch,https://github.com/Tramac/Fast-SCNN-pytorch,2019-03-25T15:06:10Z,331,2022-04-09T04:27:58Z
IBM/MAX-Image-Resolution-Enhancer,https://github.com/IBM/MAX-Image-Resolution-Enhancer,2019-03-19T16:51:25Z,839,2022-11-21T23:30:58Z
tebesu/CollaborativeMemoryNetwork,https://github.com/tebesu/CollaborativeMemoryNetwork,2018-04-18T22:28:58Z,178,2021-06-22T15:21:10Z
google/mentornet,https://github.com/google/mentornet,2018-08-13T16:40:50Z,302,2022-11-21T22:25:52Z
ownthink/Jiagu,https://github.com/ownthink/Jiagu,2018-12-30T06:17:11Z,2825,2022-05-07T01:51:20Z
uvipen/Hierarchical-attention-networks-pytorch,https://github.com/uvipen/Hierarchical-attention-networks-pytorch,2019-01-31T18:56:40Z,340,2021-10-23T09:10:59Z
MousaviSajad/ECG-Heartbeat-Classification-seq2seq-model,https://github.com/MousaviSajad/ECG-Heartbeat-Classification-seq2seq-model,2019-02-11T02:18:24Z,135,2022-10-14T16:23:05Z
lzx551402/geodesc,https://github.com/lzx551402/geodesc,2018-07-10T02:52:59Z,185,2021-06-06T03:51:39Z
sksq96/pytorch-summary,https://github.com/sksq96/pytorch-summary,2018-04-23T13:58:04Z,3724,2022-10-26T06:08:44Z
msgi/nlp-journey,https://github.com/msgi/nlp-journey,2019-04-22T12:27:35Z,1496,2021-07-05T06:17:29Z
msg-systems/holmes-extractor,https://github.com/msg-systems/holmes-extractor,2019-04-29T19:00:58Z,379,2022-07-08T16:04:34Z
xvjiarui/GCNet,https://github.com/xvjiarui/GCNet,2019-04-25T13:01:24Z,1112,2021-02-16T05:05:58Z
neeilan/DeepPlayByPlay,https://github.com/neeilan/DeepPlayByPlay,2018-06-02T05:45:02Z,154,2022-06-21T21:29:52Z
experiencor/keras-yolo3,https://github.com/experiencor/keras-yolo3,2018-04-08T09:18:10Z,1585,2022-11-21T21:50:33Z
trent-b/iterative-stratification,https://github.com/trent-b/iterative-stratification,2018-02-04T00:32:10Z,745,2022-06-06T22:38:33Z
ProGamerGov/neural-style-pt,https://github.com/ProGamerGov/neural-style-pt,2018-07-25T19:35:33Z,770,2022-10-15T16:07:29Z
nouhadziri/THRED,https://github.com/nouhadziri/THRED,2018-11-08T05:43:30Z,105,2022-11-21T21:01:32Z
dbiir/UER-py,https://github.com/dbiir/UER-py,2019-04-10T12:00:20Z,2355,2022-10-20T06:04:29Z
lfortran/lfortran,https://github.com/lfortran/lfortran,2019-03-24T13:22:20Z,492,2023-01-05T16:55:17Z
diffgram/diffgram,https://github.com/diffgram/diffgram,2018-09-06T21:04:23Z,1601,2023-01-06T00:57:10Z
TimoBolkart/voca,https://github.com/TimoBolkart/voca,2019-04-18T14:56:58Z,881,2022-11-21T21:07:43Z
HLTCHKUST/Mem2Seq,https://github.com/HLTCHKUST/Mem2Seq,2018-04-23T10:48:41Z,349,2022-09-30T20:16:08Z
kakaobrain/word2word,https://github.com/kakaobrain/word2word,2019-04-08T06:27:58Z,330,2021-01-08T03:43:08Z
Hyperparticle/udify,https://github.com/Hyperparticle/udify,2019-04-03T14:26:44Z,189,2022-12-20T15:19:48Z
HunterMcGushion/hyperparameter_hunter,https://github.com/HunterMcGushion/hyperparameter_hunter,2018-06-01T23:17:00Z,696,2021-01-20T03:52:41Z
MousaviSajad/SleepEEGNet,https://github.com/MousaviSajad/SleepEEGNet,2019-02-24T23:48:58Z,148,2021-08-27T19:05:00Z
DwarfThief/Raspagem-de-dados-para-iniciantes,https://github.com/DwarfThief/Raspagem-de-dados-para-iniciantes,2018-10-28T18:56:19Z,113,2022-10-20T04:18:14Z
kk7nc/Text_Classification,https://github.com/kk7nc/Text_Classification,2018-07-06T00:10:18Z,1646,2022-11-14T20:09:58Z
thinkingmachines/geomancer,https://github.com/thinkingmachines/geomancer,2019-02-25T09:39:01Z,207,2021-02-23T06:04:45Z
khanhha/crack_segmentation,https://github.com/khanhha/crack_segmentation,2019-02-18T21:54:29Z,237,2021-04-12T09:34:14Z
rwightman/posenet-python,https://github.com/rwightman/posenet-python,2019-01-04T00:34:43Z,458,2022-09-02T08:18:26Z
CSAILVision/gandissect,https://github.com/CSAILVision/gandissect,2018-11-19T14:16:08Z,1743,2021-05-23T10:17:34Z
marctuscher/DRQN-tensorflow,https://github.com/marctuscher/DRQN-tensorflow,2018-07-09T12:13:05Z,167,2022-12-08T01:26:46Z
fangchangma/self-supervised-depth-completion,https://github.com/fangchangma/self-supervised-depth-completion,2018-06-21T07:29:54Z,560,2021-04-24T13:27:56Z
ai4ce/DeepMapping,https://github.com/ai4ce/DeepMapping,2018-11-28T03:20:06Z,188,2021-04-07T04:01:18Z
DrSleep/light-weight-refinenet,https://github.com/DrSleep/light-weight-refinenet,2018-10-07T05:52:08Z,699,2022-06-21T21:29:06Z
masyagin1998/robin,https://github.com/masyagin1998/robin,2018-10-25T15:57:31Z,160,2022-07-27T04:38:00Z
stoic1979/robovision,https://github.com/stoic1979/robovision,2018-06-12T16:18:42Z,133,2022-11-22T02:30:42Z
Koziev/chatbot,https://github.com/Koziev/chatbot,2018-01-19T03:47:59Z,210,2022-12-03T05:01:44Z
moemen95/Pytorch-Project-Template,https://github.com/moemen95/Pytorch-Project-Template,2018-03-12T20:32:09Z,740,2022-11-22T07:48:17Z
Daniil-Osokin/lightweight-human-pose-estimation.pytorch,https://github.com/Daniil-Osokin/lightweight-human-pose-estimation.pytorch,2019-03-02T20:57:11Z,1740,2022-02-17T09:00:19Z
MaybeShewill-CV/attentive-gan-derainnet,https://github.com/MaybeShewill-CV/attentive-gan-derainnet,2018-07-26T05:29:57Z,238,2022-06-13T15:48:25Z
gabrielspmoreira/chameleon_recsys,https://github.com/gabrielspmoreira/chameleon_recsys,2018-09-23T15:48:48Z,255,2022-11-21T21:27:55Z
titipata/detecting-scientific-claim,https://github.com/titipata/detecting-scientific-claim,2018-06-07T18:45:50Z,132,2021-06-02T13:37:07Z
ThibaultGROUEIX/3D-CODED,https://github.com/ThibaultGROUEIX/3D-CODED,2018-06-19T02:31:35Z,302,2021-11-18T16:26:14Z
google-research/google-research,https://github.com/google-research/google-research,2018-10-04T18:42:48Z,26662,2023-01-05T18:54:27Z
dvlab-research/outpainting_srn,https://github.com/dvlab-research/outpainting_srn,2019-03-20T09:40:15Z,115,2022-09-03T18:21:32Z
HoloClean/holoclean,https://github.com/HoloClean/holoclean,2018-11-09T19:55:30Z,470,2022-06-21T21:30:48Z
hugochan/BAMnet,https://github.com/hugochan/BAMnet,2019-03-06T15:21:33Z,166,2022-06-21T22:04:04Z
benedekrozemberczki/MUSAE,https://github.com/benedekrozemberczki/MUSAE,2019-04-17T12:57:59Z,128,2022-09-19T18:34:40Z
soujanyaporia/multimodal-sentiment-analysis,https://github.com/soujanyaporia/multimodal-sentiment-analysis,2018-07-06T12:13:31Z,253,2021-08-28T05:56:35Z
k4yt3x/video2x,https://github.com/k4yt3x/video2x,2018-02-24T16:34:41Z,5912,2022-11-13T01:14:49Z
ahmedbesbes/character-based-cnn,https://github.com/ahmedbesbes/character-based-cnn,2019-01-15T13:36:34Z,248,2021-04-28T18:01:10Z
roclark/sportsipy,https://github.com/roclark/sportsipy,2018-05-08T19:15:35Z,389,2022-12-26T17:02:40Z
jiangxiluning/facenet_mtcnn_to_mobile,https://github.com/jiangxiluning/facenet_mtcnn_to_mobile,2019-01-08T06:16:22Z,187,2022-01-06T06:13:58Z
kylebarron/stata_kernel,https://github.com/kylebarron/stata_kernel,2018-08-04T15:38:57Z,225,2022-12-08T14:21:16Z
XiaoMi/mobile-ai-bench,https://github.com/XiaoMi/mobile-ai-bench,2018-07-19T08:26:51Z,329,2021-06-01T02:20:18Z
Sierkinhane/CRNN_Chinese_Characters_Rec,https://github.com/Sierkinhane/CRNN_Chinese_Characters_Rec,2018-09-26T10:26:32Z,1615,2022-11-13T07:20:34Z
benedekrozemberczki/GEMSEC,https://github.com/benedekrozemberczki/GEMSEC,2018-01-23T21:43:31Z,235,2022-11-06T21:14:27Z
SforAiDl/Neural-Voice-Cloning-With-Few-Samples,https://github.com/SforAiDl/Neural-Voice-Cloning-With-Few-Samples,2018-08-07T08:51:48Z,365,2021-02-23T10:10:30Z
danielzuegner/nettack,https://github.com/danielzuegner/nettack,2018-06-03T19:24:06Z,192,2022-05-31T12:27:10Z
adambielski/siamese-triplet,https://github.com/adambielski/siamese-triplet,2018-03-06T22:25:41Z,2795,2021-09-07T19:49:45Z
iterative/example-get-started,https://github.com/iterative/example-get-started,2019-03-26T01:08:17Z,135,2022-12-29T22:11:14Z
gabrieltseng/pycrop-yield-prediction,https://github.com/gabrieltseng/pycrop-yield-prediction,2019-02-16T19:50:51Z,104,2022-01-17T15:32:56Z
openvinotoolkit/model_server,https://github.com/openvinotoolkit/model_server,2018-09-26T16:40:53Z,553,2023-01-05T18:37:11Z
cair/TsetlinMachine,https://github.com/cair/TsetlinMachine,2018-04-02T12:19:18Z,416,2022-11-03T21:14:04Z
gjy3035/C-3-Framework,https://github.com/gjy3035/C-3-Framework,2018-12-22T01:02:21Z,627,2021-02-09T05:45:14Z
f90/Wave-U-Net,https://github.com/f90/Wave-U-Net,2018-04-24T16:48:57Z,652,2022-11-21T21:14:44Z
YannDubs/disentangling-vae,https://github.com/YannDubs/disentangling-vae,2019-01-30T22:21:55Z,656,2021-04-04T15:23:49Z
manideep2510/eye-in-the-sky,https://github.com/manideep2510/eye-in-the-sky,2018-12-04T14:08:22Z,252,2022-11-22T03:52:54Z
AliaksandrSiarohin/monkey-net,https://github.com/AliaksandrSiarohin/monkey-net,2018-06-27T14:50:26Z,401,2022-11-22T02:49:23Z
1adrianb/pytorch-estimate-flops,https://github.com/1adrianb/pytorch-estimate-flops,2019-02-08T20:40:01Z,239,2022-05-20T23:36:38Z
anki/vector-python-sdk,https://github.com/anki/vector-python-sdk,2018-11-28T01:51:01Z,526,2022-09-08T02:20:41Z
waspinator/pycococreator,https://github.com/waspinator/pycococreator,2018-03-29T16:46:58Z,696,2022-04-09T15:23:12Z
ShawnyXiao/TextClassification-Keras,https://github.com/ShawnyXiao/TextClassification-Keras,2019-01-03T15:56:00Z,776,2022-11-21T22:44:06Z
skalavala/mysmarthome,https://github.com/skalavala/mysmarthome,2019-04-17T22:41:46Z,202,2022-12-06T22:53:17Z
anicolson/DeepXi,https://github.com/anicolson/DeepXi,2018-05-25T01:30:27Z,414,2022-02-17T04:28:56Z
mozilla/TTS,https://github.com/mozilla/TTS,2018-01-23T14:22:06Z,6530,2022-08-24T14:08:31Z
ThoughtfulDev/EagleEye,https://github.com/ThoughtfulDev/EagleEye,2018-02-17T13:58:57Z,3365,2022-03-15T18:06:25Z
dougsm/mvp_grasp,https://github.com/dougsm/mvp_grasp,2019-02-26T14:59:56Z,156,2022-11-22T05:07:03Z
JayYip/m3tl,https://github.com/JayYip/m3tl,2018-11-29T06:43:15Z,518,2022-10-21T01:46:21Z
mmxgn/spacy-clausie,https://github.com/mmxgn/spacy-clausie,2018-09-25T16:50:22Z,187,2022-08-08T09:42:28Z
jfilter/split-folders,https://github.com/jfilter/split-folders,2018-10-04T12:33:35Z,344,2022-10-26T20:42:53Z